{"cameraMode":{"drawMode":0,"name":"Shaded","section":"Shading Mode"},"sceneLighting":false,"audioPlay":false,"sceneViewState":{"m_AlwaysRefresh":false,"showFog":true,"showSkybox":false,"showFlares":true,"showImageEffects":true,"showParticleSystems":true,"showVisualEffectGraphs":true,"m_FxEnabled":true},"in2DMode":false,"pivot":{"x":1.4076592922210694,"y":1.338912844657898,"z":10.25462818145752},"rotation":{"x":0.14060328900814057,"y":-0.05757718160748482,"z":0.008208189159631729,"w":0.9883772730827332},"size":0.0779423788189888,"orthographic":false}