{"cameraMode":{"drawMode":0,"name":"Shaded","section":"Shading Mode"},"sceneLighting":false,"audioPlay":false,"sceneViewState":{"m_AlwaysRefresh":false,"showFog":true,"showSkybox":false,"showFlares":true,"showImageEffects":true,"showParticleSystems":true,"showVisualEffectGraphs":true,"m_FxEnabled":true},"in2DMode":false,"pivot":{"x":0.3630896508693695,"y":0.24895510077476502,"z":8.146317481994629},"rotation":{"x":0.08282952010631561,"y":-0.7406445741653442,"z":0.09293345361948013,"w":0.6602957844734192},"size":0.4234626293182373,"orthographic":false}